{"cameraMode":{"drawMode":0,"name":"Shaded","section":"Shading Mode"},"sceneLighting":false,"audioPlay":false,"sceneViewState":{"m_AlwaysRefresh":false,"showFog":true,"showSkybox":false,"showFlares":true,"showImageEffects":true,"showParticleSystems":true,"showVisualEffectGraphs":true,"m_FxEnabled":true},"in2DMode":false,"pivot":{"x":0.3178655803203583,"y":0.7794369459152222,"z":0.7772592306137085},"rotation":{"x":0.1317913830280304,"y":-0.8639149069786072,"z":0.29417693614959719,"w":0.38705867528915408},"size":0.8660253882408142,"orthographic":false}