{"cameraMode":{"drawMode":0,"name":"Shaded","section":"Shading Mode"},"sceneLighting":false,"audioPlay":false,"sceneViewState":{"m_AlwaysRefresh":false,"showFog":true,"showSkybox":false,"showFlares":true,"showImageEffects":true,"showParticleSystems":true,"showVisualEffectGraphs":true,"m_FxEnabled":true},"in2DMode":false,"pivot":{"x":0.06571163982152939,"y":0.3697260618209839,"z":0.44133850932121279},"rotation":{"x":0.16271868348121644,"y":-0.5127336978912354,"z":0.09968691319227219,"w":0.8371026515960693},"size":0.4034324288368225,"orthographic":false}