{"cameraMode":{"drawMode":0,"name":"Shaded","section":"Shading Mode"},"sceneLighting":true,"audioPlay":false,"sceneViewState":{"m_AlwaysRefresh":false,"showFog":true,"showSkybox":true,"showFlares":true,"showImageEffects":true,"showParticleSystems":true,"showVisualEffectGraphs":true,"m_FxEnabled":true},"in2DMode":false,"pivot":{"x":287.79998779296877,"y":63.459999084472659,"z":30.200000762939454},"rotation":{"x":-0.15338106453418733,"y":-0.8248692154884338,"z":0.2665694057941437,"w":-0.4744555652141571},"size":0.8660253882408142,"orthographic":false}