{"cameraMode":{"drawMode":0,"name":"Shaded","section":"Shading Mode"},"sceneLighting":false,"audioPlay":false,"sceneViewState":{"m_AlwaysRefresh":false,"showFog":true,"showSkybox":false,"showFlares":true,"showImageEffects":true,"showParticleSystems":true,"showVisualEffectGraphs":true,"m_FxEnabled":true},"in2DMode":false,"pivot":{"x":-0.44836127758026125,"y":0.554986834526062,"z":0.8261688351631165},"rotation":{"x":-0.2157137542963028,"y":-0.7436959743499756,"z":0.28347739577293398,"w":-0.5658037662506104},"size":0.060096967965364459,"orthographic":false}