{"cameraMode":{"drawMode":0,"name":"Shaded","section":"Shading Mode"},"sceneLighting":false,"audioPlay":false,"sceneViewState":{"m_AlwaysRefresh":false,"showFog":true,"showSkybox":false,"showFlares":true,"showImageEffects":true,"showParticleSystems":true,"showVisualEffectGraphs":true,"m_FxEnabled":true},"in2DMode":false,"pivot":{"x":0.0006923507899045944,"y":-0.0010385345667600632,"z":0.01909160614013672},"rotation":{"x":-0.15425552427768708,"y":0.6468643546104431,"z":-0.13584282994270326,"w":-0.7344385385513306},"size":0.23872624337673188,"orthographic":false}